,individual.ID,ID,Intercept,umol.L.sec,K,Temp.C,Date,Chamber.Channel,Run,Species,Temp.Cat,Start.time,Stop.Time,Light_Dark,Organism.ID,Volume,AFDW,Blank,umol.sec,blank.rate,umol.sec.corr,umol.cm2.hr,log.rate,rate.type
1,Bgran_1,Bgran_1_20C,198.6860249,-0.002735502,293.3146182,20.16461818,6/25/21,1,4,Bgran,20,7/25/23 9:03,7/25/23 9:58,Dark,Bgran_1,0.655,0.412,0,-0.001791754,-0.0001522,-0.001639554,14.3261988,2.662089945,R
2,Bgran_1,Bgran_1_24C,200.6076283,-0.004278487,297.2783585,24.12835849,6/25/21,1,4,Bgran,24,7/25/23 10:28,7/25/23 11:21,Dark,Bgran_1,0.655,0.412,0,-0.002802409,-0.0006296,-0.002172809,18.98571218,2.943686706,R
3,Bgran_1,Bgran_1_28C,181.268127,-0.006021533,301.1898656,28.03986559,6/25/21,1,4,Bgran,28,7/25/23 12:16,7/25/23 13:02,Dark,Bgran_1,0.655,0.412,0,-0.003944104,-0.0013902,-0.002553904,22.31566977,3.105289112,R
4,Bgran_1,Bgran_1_30C,165.8590638,-0.005298955,302.9345316,29.78453165,6/25/21,1,4,Bgran,30,7/25/23 13:38,7/25/23 14:18,Dark,Bgran_1,0.655,0.412,0,-0.003470815,-0.0006101,-0.002860715,24.99654238,3.218737511,R
5,Bgran_1,Bgran_1_32C,160.8006885,-0.006033918,305.1975208,32.04752083,6/25/21,1,4,Bgran,32,7/25/23 15:03,7/25/23 15:28,Dark,Bgran_1,0.655,0.412,0,-0.003952216,-0.0007077,-0.003244516,28.35014111,3.344632008,R
6,Bgran_1,Bgran_1_34C,151.5806637,-0.00757653,307.1704643,34.02046429,6/25/21,1,4,Bgran,34,7/25/23 15:55,7/25/23 16:16,Dark,Bgran_1,0.655,0.412,0,-0.004962627,-0.0011196,-0.003843027,33.57985136,3.513926225,R
7,Bgran_1,Bgran_1_36C,146.6637707,-0.008123569,309.3316383,36.1816383,6/25/21,1,4,Bgran,36,7/25/23 16:48,7/25/23 17:12,Dark,Bgran_1,0.655,0.412,0,-0.005320938,-0.0010185,-0.004302438,37.59411716,3.62684758,R
8,Bgran_10,Bgran_10_20C,199.2455984,-0.002488246,293.2586123,20.10861233,6/25/21,10,4,Bgran,20,7/25/23 9:01,7/25/23 9:58,Dark,Bgran_10,0.64,0.428,0,-0.001592478,-0.0001522,-0.001440278,12.11448437,2.494401792,R
9,Bgran_10,Bgran_10_24C,199.9453444,-0.004417211,297.3236355,24.17363551,6/25/21,10,4,Bgran,24,7/25/23 10:28,7/25/23 11:22,Dark,Bgran_10,0.64,0.428,0,-0.002827015,-0.0006296,-0.002197415,18.48292955,2.916847579,R
10,Bgran_10,Bgran_10_28C,180.6289007,-0.007361743,301.1555211,28.00552105,6/25/21,10,4,Bgran,28,7/25/23 12:15,7/25/23 13:03,Dark,Bgran_10,0.64,0.428,0,-0.004711516,-0.0013902,-0.003321316,27.9363006,3.32992694,R
11,Bgran_10,Bgran_10_30C,162.1448628,-0.006005044,302.958293,29.80829299,6/25/21,10,4,Bgran,30,7/25/23 13:39,7/25/23 14:19,Dark,Bgran_10,0.64,0.428,0,-0.003843228,-0.0006101,-0.003233128,27.19453548,3.303016052,R
12,Bgran_10,Bgran_10_32C,159.3871861,-0.006642111,305.1211313,31.97113131,6/25/21,10,4,Bgran,32,7/25/23 15:03,7/25/23 15:28,Dark,Bgran_10,0.64,0.428,0,-0.004250951,-0.0007077,-0.003543251,29.80304473,3.39461056,R
13,Bgran_10,Bgran_10_34C,149.964174,-0.007888312,307.1046782,33.95467816,6/25/21,10,4,Bgran,34,7/25/23 15:54,7/25/23 16:16,Dark,Bgran_10,0.64,0.428,0,-0.005048519,-0.0011196,-0.003928919,33.04698628,3.497930375,R
14,Bgran_10,Bgran_10_36C,145.3401623,-0.00795407,309.2579899,36.1079899,6/25/21,10,4,Bgran,36,7/25/23 16:47,7/25/23 17:12,Dark,Bgran_10,0.64,0.428,0,-0.005090605,-0.0010185,-0.004072105,34.25134991,3.533725977,R
15,Bgran_2,Bgran_2_20C,220.2784968,-0.002095863,293.3070088,20.15700885,6/25/21,2,4,Bgran,20,7/25/23 9:01,7/25/23 9:58,Dark,Bgran_2,0.65,0.217,0,-0.001362311,-0.0001522,-0.001210111,20.07557372,2.999503838,R
16,Bgran_2,Bgran_2_24C,202.5727658,-0.002730755,297.3117905,24.16179048,6/25/21,2,4,Bgran,24,7/25/23 10:29,7/25/23 11:21,Dark,Bgran_2,0.65,0.217,0,-0.001774991,-0.0006296,-0.001145391,19.00187393,2.944537602,R
17,Bgran_2,Bgran_2_28C,182.407718,-0.00460833,301.2379946,28.08799462,6/25/21,2,4,Bgran,28,7/25/23 12:16,7/25/23 13:02,Dark,Bgran_2,0.65,0.217,0,-0.002995414,-0.0013902,-0.001605214,26.630284,3.282049064,R
18,Bgran_2,Bgran_2_30C,170.3641605,-0.003616263,303.0446835,29.89468354,6/25/21,2,4,Bgran,30,7/25/23 13:39,7/25/23 14:18,Dark,Bgran_2,0.65,0.217,0,-0.002350571,-0.0006101,-0.001740471,28.87416727,3.362947329,R
19,Bgran_2,Bgran_2_32C,161.8874188,-0.004052406,305.2115657,32.06156566,6/25/21,2,4,Bgran,32,7/25/23 15:03,7/25/23 15:28,Dark,Bgran_2,0.65,0.217,0,-0.002634064,-0.0007077,-0.001926364,31.95811546,3.464426154,R
20,Bgran_2,Bgran_2_34C,152.9786016,-0.005439128,307.0978506,33.94785057,6/25/21,2,4,Bgran,34,7/25/23 15:54,7/25/23 16:16,Dark,Bgran_2,0.65,0.217,0,-0.003535433,-0.0011196,-0.002415833,40.07833762,3.690835979,R
21,Bgran_2,Bgran_2_36C,147.2148673,-0.00508518,309.3090638,36.15906383,6/25/21,2,4,Bgran,36,7/25/23 16:48,7/25/23 17:12,Dark,Bgran_2,0.65,0.217,0,-0.003305367,-0.0010185,-0.002286867,37.93880577,3.635974487,R
22,Bgran_3,Bgran_3_20C,213.5540837,-0.004352011,293.2484758,20.09847577,6/25/21,3,4,Bgran,20,7/25/23 9:01,7/25/23 9:58,Dark,Bgran_3,0.65,0.528,0,-0.002828807,-0.0001522,-0.002676607,18.24959618,2.904142953,R
23,Bgran_3,Bgran_3_24C,198.1636692,-0.005292017,297.2571935,24.10719355,6/25/21,3,4,Bgran,24,7/25/23 10:27,7/25/23 11:22,Dark,Bgran_3,0.65,0.528,0,-0.003439811,-0.0006296,-0.002810211,19.16053158,2.952852516,R
24,Bgran_3,Bgran_3_28C,180.6790414,-0.008038132,301.1528639,28.00286387,6/25/21,3,4,Bgran,28,7/25/23 12:15,7/25/23 13:02,Dark,Bgran_3,0.65,0.528,0,-0.005224786,-0.0013902,-0.003834586,26.14490459,3.263654318,R
25,Bgran_3,Bgran_3_30C,161.9927243,-0.005931878,302.9908302,29.84083019,6/25/21,3,4,Bgran,30,7/25/23 13:39,7/25/23 14:18,Dark,Bgran_3,0.65,0.528,0,-0.00385572,-0.0006101,-0.00324562,22.12923045,3.096899379,R
26,Bgran_3,Bgran_3_32C,150.1942711,-0.007398985,305.2639495,32.11394949,6/25/21,3,4,Bgran,32,7/25/23 15:03,7/25/23 15:28,Dark,Bgran_3,0.65,0.528,0,-0.00480934,-0.0007077,-0.00410164,27.96572749,3.330979742,R
27,Bgran_3,Bgran_3_34C,151.840323,-0.008608736,307.0640345,33.91403448,6/25/21,3,4,Bgran,34,7/25/23 15:54,7/25/23 16:16,Dark,Bgran_3,0.65,0.528,0,-0.005595678,-0.0011196,-0.004476078,30.51871589,3.418340131,R
28,Bgran_3,Bgran_3_36C,137.1958629,-0.006751499,309.2544848,36.10448485,6/25/21,3,4,Bgran,36,7/25/23 16:47,7/25/23 17:12,Dark,Bgran_3,0.65,0.528,0,-0.004388475,-0.0010185,-0.003369975,22.97709893,3.134498021,R
29,Bgran_4,Bgran_4_20C,216.3416346,-0.003572955,293.2575991,20.10759912,6/25/21,4,4,Bgran,20,7/25/23 9:01,7/25/23 9:58,Dark,Bgran_4,0.645,0.525,0,-0.002304556,-0.0001522,-0.002152356,14.7590142,2.691854028,R
30,Bgran_4,Bgran_4_24C,191.2897466,-0.004655153,297.2038462,24.05384615,6/25/21,4,4,Bgran,24,7/25/23 10:29,7/25/23 11:22,Dark,Bgran_4,0.645,0.525,0,-0.003002573,-0.0006296,-0.002372973,16.27181767,2.789434634,R
31,Bgran_4,Bgran_4_28C,178.3742622,-0.006372334,301.1880323,28.03803226,6/25/21,4,4,Bgran,28,7/25/23 12:16,7/25/23 13:02,Dark,Bgran_4,0.645,0.525,0,-0.004110156,-0.0013902,-0.002719956,18.65112391,2.925906408,R
32,Bgran_4,Bgran_4_30C,161.5908702,-0.005483794,302.9482405,29.79824051,6/25/21,4,4,Bgran,30,7/25/23 13:39,7/25/23 14:18,Dark,Bgran_4,0.645,0.525,0,-0.003537047,-0.0006101,-0.002926947,20.07049384,2.999250768,R
33,Bgran_4,Bgran_4_32C,157.1825525,-0.006492091,305.1734848,32.02348485,6/25/21,4,4,Bgran,32,7/25/23 15:03,7/25/23 15:28,Dark,Bgran_4,0.645,0.525,0,-0.004187399,-0.0007077,-0.003479699,23.86079111,3.172236572,R
34,Bgran_4,Bgran_4_34C,148.3419349,-0.006217646,307.1672069,34.0172069,6/25/21,4,4,Bgran,34,7/25/23 15:54,7/25/23 16:16,Dark,Bgran_4,0.645,0.525,0,-0.004010382,-0.0011196,-0.002890782,19.82250382,2.986817849,R
35,Bgran_4,Bgran_4_36C,136.2841361,-0.006072712,309.2644242,36.11442424,6/25/21,4,4,Bgran,36,7/25/23 16:47,7/25/23 17:12,Dark,Bgran_4,0.645,0.525,0,-0.003916899,-0.0010185,-0.002898399,19.8747386,2.989449508,R
36,Bgran_6,Bgran_6_20C,212.6493256,-0.004325571,293.3610133,20.21101327,6/25/21,6,4,Bgran,20,7/25/23 9:01,7/25/23 9:58,Dark,Bgran_6,0.63,0.685,0,-0.00272511,-0.0001522,-0.00257291,13.52186035,2.604307661,R
37,Bgran_6,Bgran_6_24C,199.3352201,-0.006364816,297.3535514,24.2035514,6/25/21,6,4,Bgran,24,7/25/23 10:28,7/25/23 11:22,Dark,Bgran_6,0.63,0.685,0,-0.004009834,-0.0006296,-0.003380234,17.76473541,2.877215335,R
38,Bgran_6,Bgran_6_28C,177.654291,-0.008921472,301.2857644,28.1357644,6/25/21,6,4,Bgran,28,7/25/23 12:15,7/25/23 13:03,Dark,Bgran_6,0.63,0.685,0,-0.005620527,-0.0013902,-0.004230327,22.23237771,3.101549682,R
39,Bgran_6,Bgran_6_30C,160.5137207,-0.00836434,303.0136835,29.86368354,6/25/21,6,4,Bgran,30,7/25/23 13:39,7/25/23 14:18,Dark,Bgran_6,0.63,0.685,0,-0.005269534,-0.0006101,-0.004659434,24.48753779,3.198164327,R
40,Bgran_6,Bgran_6_32C,155.5345607,-0.009251216,305.2663226,32.11632258,6/25/21,6,4,Bgran,32,7/25/23 15:04,7/25/23 15:28,Dark,Bgran_6,0.63,0.685,0,-0.005828266,-0.0007077,-0.005120566,26.91100351,3.292535255,R
41,Bgran_6,Bgran_6_34C,151.6604741,-0.006883338,307.1495493,33.9995493,6/25/21,6,4,Bgran,34,7/25/23 15:58,7/25/23 16:16,Dark,Bgran_6,0.63,0.685,0,-0.004336503,-0.0011196,-0.003216903,16.90635243,2.827689435,R
42,Bgran_6,Bgran_6_36C,137.4097454,-0.008042367,309.462798,36.31279798,6/25/21,6,4,Bgran,36,7/25/23 16:47,7/25/23 17:12,Dark,Bgran_6,0.63,0.685,0,-0.005066691,-0.0010185,-0.004048191,21.2751639,3.057540378,R
43,Bgran_7,Bgran_7_20C,211.9363569,-0.002778964,293.3381719,20.18817195,6/25/21,7,4,Bgran,20,7/25/23 9:03,7/25/23 9:58,Dark,Bgran_7,0.635,0.483,0,-0.001764642,-0.0001522,-0.001612442,12.01820426,2.486422522,R
44,Bgran_7,Bgran_7_24C,199.2187955,-0.004377531,297.3284393,24.17843925,6/25/21,7,4,Bgran,24,7/25/23 10:28,7/25/23 11:22,Dark,Bgran_7,0.635,0.483,0,-0.002779732,-0.0006296,-0.002150132,16.02583209,2.774201926,R
45,Bgran_7,Bgran_7_28C,179.0051158,-0.006736873,301.2623927,28.11239267,6/25/21,7,4,Bgran,28,7/25/23 12:15,7/25/23 13:03,Dark,Bgran_7,0.635,0.483,0,-0.004277914,-0.0013902,-0.002887714,21.52333466,3.06913768,R
46,Bgran_7,Bgran_7_30C,162.1966581,-0.0053603,303.0523924,29.90239241,6/25/21,7,4,Bgran,30,7/25/23 13:39,7/25/23 14:19,Dark,Bgran_7,0.635,0.483,0,-0.00340379,-0.0006101,-0.00279369,20.82253567,3.036035846,R
47,Bgran_7,Bgran_7_32C,142.9882077,-0.006619679,305.2954,32.1454,6/25/21,7,4,Bgran,32,7/25/23 15:04,7/25/23 15:28,Dark,Bgran_7,0.635,0.483,0,-0.004203496,-0.0007077,-0.003495796,26.05562206,3.260233563,R
48,Bgran_7,Bgran_7_34C,146.8653763,-0.007459976,307.2003373,34.05033735,6/25/21,7,4,Bgran,34,7/25/23 15:55,7/25/23 16:16,Dark,Bgran_7,0.635,0.483,0,-0.004737085,-0.0011196,-0.003617485,26.96261765,3.294451375,R
49,Bgran_7,Bgran_7_36C,135.9813394,-0.008004178,309.4496308,36.29963077,6/25/21,7,4,Bgran,36,7/25/23 16:47,7/25/23 17:12,Dark,Bgran_7,0.635,0.483,0,-0.005082653,-0.0010185,-0.004064153,30.29182199,3.410877775,R
50,Bgran_8,Bgran_8_20C,216.6492301,-0.002896221,293.2412865,20.09128646,6/25/21,8,4,Bgran,20,7/25/23 9:01,7/25/23 9:49,Dark,Bgran_8,0.625,0.258,0,-0.001810138,-0.0001522,-0.001657938,23.13402174,3.141304337,R
51,Bgran_8,Bgran_8_24C,199.7352498,-0.003523937,297.2212664,24.07126636,6/25/21,8,4,Bgran,24,7/25/23 10:28,7/25/23 11:22,Dark,Bgran_8,0.625,0.258,0,-0.002202461,-0.0006296,-0.001572861,21.94689562,3.0886257,R
52,Bgran_8,Bgran_8_28C,172.4465584,-0.00460213,301.1678772,28.01787719,6/25/21,8,4,Bgran,28,7/25/23 12:34,7/25/23 13:03,Dark,Bgran_8,0.625,0.258,0,-0.002876331,-0.0013902,-0.001486131,20.73671232,3.031905671,R
53,Bgran_8,Bgran_8_30C,164.7093596,-0.004521772,303.0008671,29.85086709,6/25/21,8,4,Bgran,30,7/25/23 13:39,7/25/23 14:19,Dark,Bgran_8,0.625,0.258,0,-0.002826108,-0.0006101,-0.002216008,30.92103832,3.431436804,R
54,Bgran_8,Bgran_8_32C,156.1932429,-0.005088572,305.0712838,31.92128378,6/25/21,8,4,Bgran,32,7/25/23 15:09,7/25/23 15:28,Dark,Bgran_8,0.625,0.258,0,-0.003180358,-0.0007077,-0.002472658,34.50219827,3.54102304,R
55,Bgran_8,Bgran_8_34C,151.4276168,-0.006042393,307.1825783,34.03257831,6/25/21,8,4,Bgran,34,7/25/23 15:55,7/25/23 16:16,Dark,Bgran_8,0.625,0.258,0,-0.003776496,-0.0011196,-0.002656896,37.07296445,3.612887983,R
56,Bgran_8,Bgran_8_36C,145.9764415,-0.0056694,309.2450707,36.09507071,6/25/21,8,4,Bgran,36,7/25/23 16:47,7/25/23 17:12,Dark,Bgran_8,0.625,0.258,0,-0.003543375,-0.0010185,-0.002524875,35.23081083,3.561921007,R
57,Bgran_9,Bgran_9_20C,213.0699199,-0.004490869,293.2475619,20.09756195,6/25/21,9,4,Bgran,20,7/25/23 9:01,7/25/23 9:58,Dark,Bgran_9,0.64,0.838,0,-0.002874156,-0.0001522,-0.002721956,11.69336689,2.459021749,R
58,Bgran_9,Bgran_9_24C,197.642565,-0.005787051,297.2482336,24.09823364,6/25/21,9,4,Bgran,24,7/25/23 10:28,7/25/23 11:22,Dark,Bgran_9,0.64,0.838,0,-0.003703713,-0.0006296,-0.003074113,13.20621232,2.580687349,R
59,Bgran_9,Bgran_9_28C,176.0763488,-0.007636685,301.1662211,28.01622105,6/25/21,9,4,Bgran,28,7/25/23 12:15,7/25/23 13:03,Dark,Bgran_9,0.64,0.838,0,-0.004887478,-0.0013902,-0.003497278,15.02410643,2.709656006,R
60,Bgran_9,Bgran_9_30C,160.6757268,-0.006440449,303.0237848,29.87378481,6/25/21,9,4,Bgran,30,7/25/23 13:39,7/25/23 14:19,Dark,Bgran_9,0.64,0.838,0,-0.004121888,-0.0006101,-0.003511788,15.08643848,2.713796226,R
61,Bgran_9,Bgran_9_32C,156.2610986,-0.008399778,305.0874848,31.93748485,6/25/21,9,4,Bgran,32,7/25/23 15:03,7/25/23 15:28,Dark,Bgran_9,0.64,0.838,0,-0.005375858,-0.0007077,-0.004668158,20.05414013,2.998435623,R
62,Bgran_9,Bgran_9_34C,150.8073096,-0.009836821,307.205069,34.05506897,6/25/21,9,4,Bgran,34,7/25/23 15:54,7/25/23 16:16,Dark,Bgran_9,0.64,0.838,0,-0.006295566,-0.0011196,-0.005175966,22.23565132,3.101696916,R
63,Bgran_9,Bgran_9_36C,145.0908395,-0.008441737,309.2919091,36.14190909,6/25/21,9,4,Bgran,36,7/25/23 16:47,7/25/23 17:12,Dark,Bgran_9,0.64,0.838,0,-0.005402712,-0.0010185,-0.004384212,18.83432253,2.935680872,R
71,Mplan_1,Mplan_1_20C,170.6610552,-0.004305836,293.0365705,19.88657051,6/12/21,1,1,Mplan,20,7/25/23 11:37,7/25/23 12:16,Dark,Mplan_1,0.675,0.556,0,-0.002906439,-0.00055208,-0.002354359,15.24405366,2.724189503,R
72,Mplan_1,Mplan_1_24C,197.72466,-0.006039038,297.0026063,23.8526063,6/12/21,1,1,Mplan,24,7/25/23 13:10,7/25/23 13:42,Dark,Mplan_1,0.675,0.556,0,-0.004076351,-0.000405326,-0.003671024,23.76922315,3.168391599,R
73,Mplan_1,Mplan_1_28C,184.9513756,-0.010530781,301.1495955,27.99959551,6/12/21,1,1,Mplan,28,7/25/23 15:05,7/25/23 15:28,Dark,Mplan_1,0.675,0.556,0,-0.007108278,-0.003911332,-0.003196945,20.69964696,3.030116645,R
74,Mplan_1,Mplan_1_30C,166.0876704,-0.013803194,303.1694478,30.01944776,6/12/21,1,1,Mplan,30,7/25/23 15:55,7/25/23 16:12,Dark,Mplan_1,0.675,0.556,0,-0.009317156,-0.003046245,-0.00627091,40.60301682,3.70384237,R
75,Mplan_1,Mplan_1_32C,151.3310943,-0.012206066,305.2648594,32.11485938,6/12/21,1,1,Mplan,32,7/25/23 17:38,7/25/23 17:54,Dark,Mplan_1,0.675,0.556,0,-0.008239095,-0.003242945,-0.004996149,32.34916782,3.476588296,R
76,Mplan_1,Mplan_1_34C,149.430457,-0.014978364,307.2299796,34.07997959,6/12/21,1,1,Mplan,34,7/25/23 18:32,7/25/23 18:45,Dark,Mplan_1,0.675,0.556,0,-0.010110396,-0.003287247,-0.006823149,44.1786611,3.788241892,R
77,Mplan_1,Mplan_1_36C,115.3506395,-0.013074955,309.0054737,35.85547368,6/12/21,1,1,Mplan,36,7/25/23 19:57,7/25/23 20:11,Dark,Mplan_1,0.675,0.556,0,-0.008825595,-0.001998023,-0.006827572,44.20729894,3.78888991,R
78,Mplan_10,Mplan_10_20C,194.0566354,-0.00385475,293.0927244,19.94272436,6/12/21,10,1,Mplan,20,7/25/23 11:37,7/25/23 12:16,Dark,Mplan_10,0.677,0.538,0,-0.002609666,-0.00055208,-0.002057586,13.76823346,2.622364015,R
79,Mplan_10,Mplan_10_24C,206.9038607,-0.005192994,297.0527083,23.90270833,6/12/21,10,1,Mplan,24,7/25/23 13:12,7/25/23 13:42,Dark,Mplan_10,0.677,0.538,0,-0.003515657,-0.000405326,-0.003110331,20.81262127,3.035559595,R
80,Mplan_10,Mplan_10_28C,189.7838729,-0.009462249,301.3356629,28.18566292,6/12/21,10,1,Mplan,28,7/25/23 15:06,7/25/23 15:28,Dark,Mplan_10,0.677,0.538,0,-0.006405943,-0.003911332,-0.002494611,16.69256243,2.814963257,R
81,Mplan_10,Mplan_10_30C,175.6838385,-0.012959349,303.1818333,30.03183333,6/12/21,10,1,Mplan,30,7/25/23 15:55,7/25/23 16:12,Dark,Mplan_10,0.677,0.538,0,-0.008773479,-0.003046245,-0.005727234,38.32349915,3.646063263,R
82,Mplan_10,Mplan_10_32C,158.0224702,-0.012321448,305.304875,32.154875,6/12/21,10,1,Mplan,32,7/25/23 17:38,7/25/23 17:55,Dark,Mplan_10,0.677,0.538,0,-0.00834162,-0.003242945,-0.005098675,34.11752765,3.52981126,R
83,Mplan_10,Mplan_10_34C,149.6975465,-0.013864261,307.2451296,34.09512963,6/12/21,10,1,Mplan,34,7/25/23 18:32,7/25/23 18:46,Dark,Mplan_10,0.677,0.538,0,-0.009386104,-0.003287247,-0.006098858,40.81019956,3.708932039,R
84,Mplan_10,Mplan_10_36C,114.5773849,-0.014943077,308.9862281,35.83622807,6/12/21,10,1,Mplan,36,7/25/23 19:57,7/25/23 20:11,Dark,Mplan_10,0.677,0.538,0,-0.010116463,-0.001998023,-0.00811844,54.32413686,3.994968638,R
85,Mplan_2,Mplan_2_20C,166.02275,-0.006196089,293.0828846,19.93288462,6/12/21,2,1,Mplan,20,7/25/23 11:37,7/25/23 12:16,Dark,Mplan_2,0.676,1.049,0,-0.004188556,-0.00055208,-0.003636476,12.47980484,2.524111725,R
86,Mplan_2,Mplan_2_24C,196.3978329,-0.009487616,297.0036048,23.85360484,6/12/21,2,1,Mplan,24,7/25/23 13:11,7/25/23 13:42,Dark,Mplan_2,0.676,1.049,0,-0.006413628,-0.000405326,-0.006008302,20.61952951,3.026238661,R
87,Mplan_2,Mplan_2_28C,167.0757286,-0.014327699,301.2338876,28.08388764,6/12/21,2,1,Mplan,28,7/25/23 15:05,7/25/23 15:28,Dark,Mplan_2,0.676,1.049,0,-0.009685524,-0.003911332,-0.005774192,19.81610358,2.986494919,R
88,Mplan_2,Mplan_2_30C,166.3339963,-0.01822135,303.2637313,30.11373134,6/12/21,2,1,Mplan,30,7/25/23 15:55,7/25/23 16:12,Dark,Mplan_2,0.676,1.049,0,-0.012317633,-0.003046245,-0.009271387,31.81791586,3.460029523,R
89,Mplan_2,Mplan_2_32C,142.6501783,-0.01847223,305.2363281,32.08632813,6/12/21,2,1,Mplan,32,7/25/23 17:38,7/25/23 17:54,Dark,Mplan_2,0.676,1.049,0,-0.012487228,-0.003242945,-0.009244282,31.72489659,3.457101754,R
90,Mplan_2,Mplan_2_34C,149.6706508,-0.021383805,307.2502941,34.10029412,6/12/21,2,1,Mplan,34,7/25/23 18:32,7/25/23 18:45,Dark,Mplan_2,0.676,1.049,0,-0.014455452,-0.003287247,-0.011168205,38.3274915,3.646167432,R
91,Mplan_2,Mplan_2_36C,99.19236332,-0.017407072,309.0552982,35.90529825,6/12/21,2,1,Mplan,36,7/25/23 19:57,7/25/23 20:11,Dark,Mplan_2,0.676,1.049,0,-0.011767181,-0.001998023,-0.009769158,33.52618483,3.51232677,R
92,Mplan_3,Mplan_3_20C,157.8499709,-0.005342841,293.0350256,19.88502564,6/12/21,3,1,Mplan,20,7/25/23 11:37,7/25/23 12:16,Dark,Mplan_3,0.676,0.838,0,-0.00361176,-0.00055208,-0.003059681,13.14421257,2.575981553,R
93,Mplan_3,Mplan_3_24C,191.70359,-0.008367676,296.9787724,23.82877236,6/12/21,3,1,Mplan,24,7/25/23 13:11,7/25/23 13:42,Dark,Mplan_3,0.676,0.838,0,-0.005656549,-0.000405326,-0.005251223,22.55895201,3.116131972,R
94,Mplan_3,Mplan_3_28C,180.3584693,-0.014215596,301.0557528,27.90575281,6/12/21,3,1,Mplan,28,7/25/23 15:05,7/25/23 15:28,Dark,Mplan_3,0.676,0.838,0,-0.009609743,-0.003911332,-0.005698411,24.4800453,3.197858308,R
95,Mplan_3,Mplan_3_30C,162.181332,-0.016596765,303.2428806,30.0928806,6/12/21,3,1,Mplan,30,7/25/23 15:55,7/25/23 16:12,Dark,Mplan_3,0.676,0.838,0,-0.011219413,-0.003046245,-0.008173168,35.11146067,3.558527592,R
96,Mplan_3,Mplan_3_32C,141.1112679,-0.019174719,305.1893571,32.03935714,6/12/21,3,1,Mplan,32,7/25/23 17:38,7/25/23 17:52,Dark,Mplan_3,0.676,0.838,0,-0.01296211,-0.003242945,-0.009719165,41.75297584,3.731770726,R
97,Mplan_3,Mplan_3_34C,132.3282826,-0.02070901,307.2144815,34.06448148,6/12/21,3,1,Mplan,34,7/25/23 18:32,7/25/23 18:45,Dark,Mplan_3,0.676,0.838,0,-0.013999291,-0.003287247,-0.010712044,46.0183284,3.829039761,R
98,Mplan_3,Mplan_3_36C,91.37860221,-0.019030782,309.0307193,35.8807193,6/12/21,3,1,Mplan,36,7/25/23 19:57,7/25/23 20:11,Dark,Mplan_3,0.676,0.838,0,-0.012864809,-0.001998023,-0.010866786,46.68309011,3.843382003,R
99,Mplan_4,Mplan_4_20C,133.4881995,-0.005719739,293.0342821,19.88428205,6/12/21,4,1,Mplan,20,7/25/23 11:37,7/25/23 12:16,Dark,Mplan_4,0.676,0.927,0,-0.003866544,-0.00055208,-0.003314464,12.87170504,2.555031495,R
100,Mplan_4,Mplan_4_24C,172.3772372,-0.008879486,296.9342195,23.78421951,6/12/21,4,1,Mplan,24,7/25/23 13:11,7/25/23 13:42,Dark,Mplan_4,0.676,0.927,0,-0.006002533,-0.000405326,-0.005597206,21.73672419,3.079003189,R
101,Mplan_4,Mplan_4_28C,158.9556394,-0.013224036,301.2678202,28.11782022,6/12/21,4,1,Mplan,28,7/25/23 15:06,7/25/23 15:28,Dark,Mplan_4,0.676,0.927,0,-0.008939448,-0.003911332,-0.005028116,19.5266658,2.971781008,R
102,Mplan_4,Mplan_4_30C,147.8194737,-0.016622175,303.1403134,29.99031343,6/12/21,4,1,Mplan,30,7/25/23 15:55,7/25/23 16:12,Dark,Mplan_4,0.676,0.927,0,-0.01123659,-0.003046245,-0.008190345,31.80716521,3.459691585,R
103,Mplan_4,Mplan_4_32C,140.0234417,-0.019043984,305.3384688,32.18846875,6/12/21,4,1,Mplan,32,7/25/23 17:38,7/25/23 17:54,Dark,Mplan_4,0.676,0.927,0,-0.012873733,-0.003242945,-0.009630788,37.40111786,3.621700593,R
104,Mplan_4,Mplan_4_34C,123.4806244,-0.017921414,307.1948113,34.04481132,6/12/21,4,1,Mplan,34,7/25/23 18:32,7/25/23 18:45,Dark,Mplan_4,0.676,0.927,0,-0.012114876,-0.003287247,-0.008827629,34.28205504,3.534622041,R
105,Mplan_4,Mplan_4_36C,80.83007637,-0.020169536,308.974,35.824,6/12/21,4,1,Mplan,36,7/25/23 19:57,7/25/23 20:11,Dark,Mplan_4,0.676,0.927,0,-0.013634606,-0.001998023,-0.011636583,45.19061517,3.810889436,R
106,Mplan_6,Mplan_6_20C,231.943666,-0.008324601,293.0949167,19.94491667,6/12/21,6,1,Mplan,20,7/25/23 11:37,7/25/23 12:16,Dark,Mplan_6,0.675,1.093,0,-0.005619106,-0.00055208,-0.005067026,16.68919859,2.814761719,R
107,Mplan_6,Mplan_6_24C,221.2225069,-0.011961246,297.0808443,23.93084426,6/12/21,6,1,Mplan,24,7/25/23 13:11,7/25/23 13:42,Dark,Mplan_6,0.675,1.093,0,-0.008073841,-0.000405326,-0.007668515,25.25768799,3.229130584,R
108,Mplan_6,Mplan_6_28C,199.9506626,-0.018691407,301.3002247,28.15022472,6/12/21,6,1,Mplan,28,7/25/23 15:06,7/25/23 15:28,Dark,Mplan_6,0.675,1.093,0,-0.0126167,-0.003911332,-0.008705368,28.67275802,3.355947474,R
109,Mplan_6,Mplan_6_30C,184.2030647,-0.02418129,303.241803,30.09180303,6/12/21,6,1,Mplan,30,7/25/23 15:55,7/25/23 16:12,Dark,Mplan_6,0.675,1.093,0,-0.016322371,-0.003046245,-0.013276125,43.72740198,3.777974953,R
110,Mplan_6,Mplan_6_32C,166.7454725,-0.023611155,305.341875,32.191875,6/12/21,6,1,Mplan,32,7/25/23 17:38,7/25/23 17:54,Dark,Mplan_6,0.675,1.093,0,-0.015937529,-0.003242945,-0.012694584,41.81198802,3.733183093,R
111,Mplan_6,Mplan_6_34C,161.5462975,-0.026699163,307.2881667,34.13816667,6/12/21,6,1,Mplan,34,7/25/23 18:32,7/25/23 18:45,Dark,Mplan_6,0.675,1.093,0,-0.018021935,-0.003287247,-0.014734688,48.53145322,3.882212108,R
112,Mplan_6,Mplan_6_36C,112.1222282,-0.022865551,309.0314737,35.88147368,6/12/21,6,1,Mplan,36,7/25/23 19:57,7/25/23 20:11,Dark,Mplan_6,0.675,1.093,0,-0.015434247,-0.001998023,-0.013436224,44.25471689,3.789961962,R
113,Mplan_7,Mplan_7_20C,167.0090752,-0.00516302,293.0915226,19.94152258,6/12/21,7,1,Mplan,20,7/25/23 11:37,7/25/23 12:16,Dark,Mplan_7,0.671,0.81,0,-0.003464386,-0.00055208,-0.002912306,12.94358385,2.56060021,R
114,Mplan_7,Mplan_7_24C,186.9448586,-0.007051724,297.009405,23.85940496,6/12/21,7,1,Mplan,24,7/25/23 13:11,7/25/23 13:42,Dark,Mplan_7,0.671,0.81,0,-0.004731707,-0.000405326,-0.004326381,19.22835859,2.956386199,R
115,Mplan_7,Mplan_7_28C,169.7743923,-0.011881547,301.3060449,28.15604494,6/12/21,7,1,Mplan,28,7/25/23 15:06,7/25/23 15:28,Dark,Mplan_7,0.671,0.81,0,-0.007972518,-0.003911332,-0.004061186,18.04971468,2.893129877,R
116,Mplan_7,Mplan_7_30C,156.5040703,-0.01545161,303.2298182,30.07981818,6/12/21,7,1,Mplan,30,7/25/23 15:55,7/25/23 16:12,Dark,Mplan_7,0.671,0.81,0,-0.010368031,-0.003046245,-0.007321785,32.54126704,3.482509039,R
117,Mplan_7,Mplan_7_32C,137.0670865,-0.015558779,305.2880938,32.13809375,6/12/21,7,1,Mplan,32,7/25/23 17:38,7/25/23 17:54,Dark,Mplan_7,0.671,0.81,0,-0.010439941,-0.003242945,-0.007196995,31.98664652,3.465318519,R
118,Mplan_7,Mplan_7_34C,135.2092303,-0.017931296,307.2776481,34.12764815,6/12/21,7,1,Mplan,34,7/25/23 18:32,7/25/23 18:45,Dark,Mplan_7,0.671,0.81,0,-0.012031899,-0.003287247,-0.008744653,38.86512233,3.66009725,R
119,Mplan_7,Mplan_7_36C,97.02780948,-0.016638344,309.0357719,35.88577193,6/12/21,7,1,Mplan,36,7/25/23 19:57,7/25/23 20:11,Dark,Mplan_7,0.671,0.81,0,-0.011164329,-0.001998023,-0.009166306,40.73913795,3.707189251,R
120,Mplan_8,Mplan_8_20C,170.7658066,-0.004253144,293.0463077,19.89630769,6/12/21,8,1,Mplan,20,7/25/23 11:37,7/25/23 12:16,Dark,Mplan_8,0.676,0.64,0,-0.002875126,-0.00055208,-0.002323046,13.06713337,2.570100175,R
121,Mplan_8,Mplan_8_24C,195.0544914,-0.00637735,296.9383802,23.78838017,6/12/21,8,1,Mplan,24,7/25/23 13:12,7/25/23 13:42,Dark,Mplan_8,0.676,0.64,0,-0.004311088,-0.000405326,-0.003905762,21.96991105,3.089673838,R
122,Mplan_8,Mplan_8_28C,179.3709533,-0.010903831,301.1814607,28.03146067,6/12/21,8,1,Mplan,28,7/25/23 15:06,7/25/23 15:28,Dark,Mplan_8,0.676,0.64,0,-0.00737099,-0.003911332,-0.003459658,19.46057637,2.968390695,R
123,Mplan_8,Mplan_8_30C,162.8634727,-0.014938968,303.1431525,29.99315254,6/12/21,8,1,Mplan,30,7/25/23 15:57,7/25/23 16:12,Dark,Mplan_8,0.676,0.64,0,-0.010098742,-0.003046245,-0.007052497,39.67029473,3.680602664,R
124,Mplan_8,Mplan_8_32C,143.6564253,-0.014904128,305.1591875,32.0091875,6/12/21,8,1,Mplan,32,7/25/23 17:38,7/25/23 17:55,Dark,Mplan_8,0.676,0.64,0,-0.01007519,-0.003242945,-0.006832245,38.43137806,3.648874263,R
125,Mplan_8,Mplan_8_34C,134.0829722,-0.015621236,307.1519074,34.00190741,6/12/21,8,1,Mplan,34,7/25/23 18:32,7/25/23 18:45,Dark,Mplan_8,0.676,0.64,0,-0.010559955,-0.003287247,-0.007272708,40.90898523,3.711349727,R
126,Mplan_8,Mplan_8_36C,95.5864794,-0.012881999,308.9368364,35.78683636,6/12/21,8,1,Mplan,36,7/25/23 19:57,7/25/23 20:11,Dark,Mplan_8,0.676,0.64,0,-0.008708232,-0.001998023,-0.006710209,37.74492407,3.630851005,R
127,Mplan_9,Mplan_9_20C,153.2157087,-0.006133207,293.0335321,19.88353205,6/12/21,9,1,Mplan,20,7/25/23 11:37,7/25/23 12:16,Dark,Mplan_9,0.67,1.063,0,-0.004109248,-0.00055208,-0.003557169,12.04685561,2.488803681,R
128,Mplan_9,Mplan_9_24C,194.84846,-0.009957804,296.9709083,23.82090833,6/12/21,9,1,Mplan,24,7/25/23 13:12,7/25/23 13:42,Dark,Mplan_9,0.67,1.063,0,-0.006671728,-0.000405326,-0.006266402,21.22205769,3.055041098,R
129,Mplan_9,Mplan_9_28C,183.3274259,-0.015552774,301.181809,28.03180899,6/12/21,9,1,Mplan,28,7/25/23 15:06,7/25/23 15:28,Dark,Mplan_9,0.67,1.063,0,-0.010420358,-0.003911332,-0.006509026,22.04373895,3.093028614,R
130,Mplan_9,Mplan_9_30C,163.136647,-0.01945552,303.1422167,29.99221667,6/12/21,9,1,Mplan,30,7/25/23 15:57,7/25/23 16:12,Dark,Mplan_9,0.67,1.063,0,-0.013035198,-0.003046245,-0.009988953,33.829003,3.521318511,R
131,Mplan_9,Mplan_9_32C,145.1872414,-0.018443331,305.1984531,32.04845313,6/12/21,9,1,Mplan,32,7/25/23 17:38,7/25/23 17:55,Dark,Mplan_9,0.67,1.063,0,-0.012357032,-0.003242945,-0.009114087,30.86614516,3.429659957,R
132,Mplan_9,Mplan_9_34C,136.0098933,-0.023749871,307.1926111,34.04261111,6/12/21,9,1,Mplan,34,7/25/23 18:32,7/25/23 18:45,Dark,Mplan_9,0.67,1.063,0,-0.015912413,-0.003287247,-0.012625167,42.75691421,3.755530918,R
133,Mplan_9,Mplan_9_36C,100.504665,-0.023637373,308.9689298,35.81892982,6/12/21,9,1,Mplan,36,7/25/23 19:57,7/25/23 20:11,Dark,Mplan_9,0.67,1.063,0,-0.01583704,-0.001998023,-0.013839017,46.86778996,3.847330658,R
141,Pdarw_1,Pdarw_1_24C,195.2260164,-0.006570886,297.0610839,23.91108387,6/13/21,1,2,Pdarw,24,7/25/23 11:31,7/25/23 12:57,Dark,Pdarw_1,0.671,0.709,0,-0.004409064,-0.001067948,-0.003341117,16.96476812,2.83113873,R
142,Pdarw_1,Pdarw_1_28C,177.639434,-0.011048332,301.0419677,27.89196774,6/13/21,1,2,Pdarw,28,7/25/23 13:46,7/25/23 14:09,Dark,Pdarw_1,0.671,0.709,0,-0.007413431,-0.001904092,-0.005509338,27.97407392,3.33127815,R
143,Pdarw_1,Pdarw_1_30C,172.0231869,-0.014307347,303.0812537,29.93125373,6/13/21,1,2,Pdarw,30,7/25/23 14:41,7/25/23 14:58,Dark,Pdarw_1,0.671,0.709,0,-0.00960023,4.95E-05,-0.009649713,48.99713392,3.891761805,R
144,Pdarw_1,Pdarw_1_32C,150.6042043,-0.013010451,305.0486,31.8986,6/13/21,1,2,Pdarw,32,7/25/23 15:37,7/25/23 15:48,Dark,Pdarw_1,0.671,0.709,0,-0.008730012,-0.001943574,-0.006786438,34.45864293,3.539759849,R
145,Pdarw_1,Pdarw_1_34C,130.2518133,-0.014008087,307.0719104,33.92191045,6/13/21,1,2,Pdarw,34,7/25/23 16:56,7/25/23 17:13,Dark,Pdarw_1,0.671,0.709,0,-0.009399427,0.00109478,-0.010494207,53.2851112,3.975656953,R
146,Pdarw_1,Pdarw_1_36C,139.532078,-0.013274754,309.1421094,35.99210938,6/13/21,1,2,Pdarw,36,7/25/23 17:47,7/25/23 18:03,Dark,Pdarw_1,0.671,0.709,0,-0.00890736,-0.001365387,-0.007541973,38.29492626,3.645317414,R
147,Pdarw_10,Pdarw_10_20C,185.7368102,-0.006962021,293.2205714,20.07057143,6/13/21,10,2,Pdarw,20,7/25/23 10:28,7/25/23 11:06,Dark,Pdarw_10,0.67,0.914,0,-0.004664554,-0.000447276,-0.004217278,16.61072421,2.810048524,R
148,Pdarw_10,Pdarw_10_24C,212.1829727,-0.010882703,297.1893873,24.03938732,6/13/21,10,2,Pdarw,24,7/25/23 12:22,7/25/23 12:58,Dark,Pdarw_10,0.67,0.914,0,-0.007291411,-0.001067948,-0.006223464,24.51254887,3.199185185,R
149,Pdarw_10,Pdarw_10_28C,183.9947401,-0.011925696,301.1354896,27.98548958,6/13/21,10,2,Pdarw,28,7/25/23 13:46,7/25/23 14:10,Dark,Pdarw_10,0.67,0.914,0,-0.007990216,-0.001904092,-0.006086124,23.97160411,3.176869968,R
150,Pdarw_10,Pdarw_10_30C,173.2573295,-0.023278403,303.1429552,29.99295522,6/13/21,10,2,Pdarw,30,7/25/23 14:41,7/25/23 14:58,Dark,Pdarw_10,0.67,0.914,0,-0.01559653,4.95E-05,-0.015646013,61.62543498,4.121074691,R
151,Pdarw_10,Pdarw_10_32C,149.7600111,-0.025453792,305.1047727,31.95477273,6/13/21,10,2,Pdarw,32,7/25/23 15:32,7/25/23 15:48,Dark,Pdarw_10,0.67,0.914,0,-0.017054041,-0.001943574,-0.015110467,59.51606103,4.086246209,R
152,Pdarw_10,Pdarw_10_34C,110.8510717,-0.020400973,307.0865909,33.93659091,6/13/21,10,2,Pdarw,34,7/25/23 16:57,7/25/23 17:13,Dark,Pdarw_10,0.67,0.914,0,-0.013668652,0.00109478,-0.014763432,58.14918573,4.063011876,R
153,Pdarw_10,Pdarw_10_36C,147.7487085,-0.019515644,309.0045846,35.85458462,6/13/21,10,2,Pdarw,36,7/25/23 17:47,7/25/23 18:04,Dark,Pdarw_10,0.67,0.914,0,-0.013075481,-0.001365387,-0.011710094,46.12291,3.83130979,R
154,Pdarw_2,Pdarw_2_20C,186.5656484,-0.006438992,293.2096863,20.05968627,6/13/21,2,2,Pdarw,20,7/25/23 10:28,7/25/23 11:06,Dark,Pdarw_2,0.67,1.011,0,-0.004314125,-0.000447276,-0.003866849,13.76919522,2.622433867,R
155,Pdarw_2,Pdarw_2_24C,189.3032262,-0.010323341,297.0714895,23.92148951,6/13/21,2,2,Pdarw,24,7/25/23 12:22,7/25/23 12:57,Dark,Pdarw_2,0.67,1.011,0,-0.006916638,-0.001067948,-0.005848691,20.82619912,3.036211767,R
156,Pdarw_2,Pdarw_2_28C,175.7281406,-0.015862083,301.1455053,27.99550526,6/13/21,2,2,Pdarw,28,7/25/23 13:45,7/25/23 14:09,Dark,Pdarw_2,0.67,1.011,0,-0.010627596,-0.001904092,-0.008723503,31.06292006,3.436014827,R
157,Pdarw_2,Pdarw_2_30C,170.3954166,-0.02168402,303.1110448,29.96104478,6/13/21,2,2,Pdarw,30,7/25/23 14:41,7/25/23 14:58,Dark,Pdarw_2,0.67,1.011,0,-0.014528294,4.95E-05,-0.014577777,51.90899788,3.949492145,R
158,Pdarw_2,Pdarw_2_32C,152.3714785,-0.022402969,305.2000847,32.05008475,6/13/21,2,2,Pdarw,32,7/25/23 15:33,7/25/23 15:48,Dark,Pdarw_2,0.67,1.011,0,-0.015009989,-0.001943574,-0.013066415,46.52729396,3.840039107,R
159,Pdarw_2,Pdarw_2_34C,124.3210019,-0.018964151,307.0427761,33.89277612,6/13/21,2,2,Pdarw,34,7/25/23 16:56,7/25/23 17:13,Dark,Pdarw_2,0.67,1.011,0,-0.012705981,0.00109478,-0.013800761,49.14217635,3.894717655,R
160,Pdarw_2,Pdarw_2_36C,145.4132577,-0.018183427,308.9992344,35.84923438,6/13/21,2,2,Pdarw,36,7/25/23 17:47,7/25/23 18:03,Dark,Pdarw_2,0.67,1.011,0,-0.012182896,-0.001365387,-0.010817509,38.51931945,3.651159919,R
161,Pdarw_3,Pdarw_3_20C,172.5166075,-0.00680372,293.1637778,20.01377778,6/13/21,3,2,Pdarw,20,7/25/23 10:28,7/25/23 11:06,Dark,Pdarw_3,0.671,0.723,0,-0.004565296,-0.000447276,-0.004118021,20.50466753,3.020652545,R
162,Pdarw_3,Pdarw_3_24C,183.8546558,-0.011243505,297.0953846,23.94538462,6/13/21,3,2,Pdarw,24,7/25/23 12:22,7/25/23 12:57,Dark,Pdarw_3,0.671,0.723,0,-0.007544392,-0.001067948,-0.006476444,32.24785452,3.473451515,R
163,Pdarw_3,Pdarw_3_28C,162.9253355,-0.015919522,301.0747158,27.92471579,6/13/21,3,2,Pdarw,28,7/25/23 13:45,7/25/23 14:09,Dark,Pdarw_3,0.671,0.723,0,-0.010681999,-0.001904092,-0.008777907,43.70742124,3.77751791,R
164,Pdarw_3,Pdarw_3_30C,161.8470398,-0.019666072,303.0721045,29.92210448,6/13/21,3,2,Pdarw,30,7/25/23 14:41,7/25/23 14:58,Dark,Pdarw_3,0.671,0.723,0,-0.013195934,4.95E-05,-0.013245418,65.95228739,4.188931562,R
165,Pdarw_3,Pdarw_3_32C,141.5700786,-0.020746601,305.1125263,31.96252632,6/13/21,3,2,Pdarw,32,7/25/23 15:33,7/25/23 15:48,Dark,Pdarw_3,0.671,0.723,0,-0.013920969,-0.001943574,-0.011977395,59.63848188,4.088301035,R
166,Pdarw_3,Pdarw_3_34C,110.862164,-0.017849858,307.0731045,33.92310448,6/13/21,3,2,Pdarw,34,7/25/23 16:56,7/25/23 17:13,Dark,Pdarw_3,0.671,0.723,0,-0.011977254,0.00109478,-0.013072034,65.08896834,4.175755078,R
167,Pdarw_3,Pdarw_3_36C,133.7499573,-0.01736063,309.1127344,35.96273438,6/13/21,3,2,Pdarw,36,7/25/23 17:47,7/25/23 18:03,Dark,Pdarw_3,0.671,0.723,0,-0.011648983,-0.001365387,-0.010283596,51.20462595,3.935829879,R
168,Pdarw_4,Pdarw_4_20C,156.4460265,-0.006363332,293.1560392,20.00603922,6/13/21,4,2,Pdarw,20,7/25/23 10:28,7/25/23 11:06,Dark,Pdarw_4,0.67,1.062,0,-0.004263432,-0.000447276,-0.003816157,12.93612439,2.560023738,R
169,Pdarw_4,Pdarw_4_24C,160.2534969,-0.009758328,297.0839371,23.93393706,6/13/21,4,2,Pdarw,24,7/25/23 12:22,7/25/23 12:57,Dark,Pdarw_4,0.67,1.062,0,-0.00653808,-0.001067948,-0.005470132,18.54282174,2.920082746,R
170,Pdarw_4,Pdarw_4_28C,151.1196613,-0.014275185,301.0903263,27.94032632,6/13/21,4,2,Pdarw,28,7/25/23 13:46,7/25/23 14:10,Dark,Pdarw_4,0.67,1.062,0,-0.009564374,-0.001904092,-0.007660282,25.96705688,3.256828692,R
171,Pdarw_4,Pdarw_4_30C,145.3836097,-0.016610184,303.0447761,29.89477612,6/13/21,4,2,Pdarw,30,7/25/23 14:41,7/25/23 14:58,Dark,Pdarw_4,0.67,1.062,0,-0.011128823,4.95E-05,-0.011178306,37.8925637,3.634754884,R
172,Pdarw_4,Pdarw_4_32C,130.5194877,-0.01836589,305.0602105,31.91021053,6/13/21,4,2,Pdarw,32,7/25/23 15:33,7/25/23 15:48,Dark,Pdarw_4,0.67,1.062,0,-0.012305146,-0.001943574,-0.010361572,35.12397283,3.558883884,R
173,Pdarw_4,Pdarw_4_34C,98.19652341,-0.017462799,307.0114478,33.86144776,6/13/21,4,2,Pdarw,34,7/25/23 16:56,7/25/23 17:13,Dark,Pdarw_4,0.67,1.062,0,-0.011700076,0.00109478,-0.012794856,43.37239211,3.769823112,R
174,Pdarw_4,Pdarw_4_36C,118.3301707,-0.016098013,309.0724688,35.92246875,6/13/21,4,2,Pdarw,36,7/25/23 17:47,7/25/23 18:03,Dark,Pdarw_4,0.67,1.062,0,-0.010785669,-0.001365387,-0.009420282,31.93315933,3.463644947,R
175,Pdarw_5,Pdarw_5_20C,204.7317603,-0.006999463,293.216549,20.06654902,6/13/21,5,2,Pdarw,20,7/25/23 10:28,7/25/23 11:06,Dark,Pdarw_5,0.67,1.011,0,-0.004689641,-0.000447276,-0.004242365,15.10634411,2.715114795,R
176,Pdarw_5,Pdarw_5_24C,212.9601362,-0.011289015,297.1404755,23.99047552,6/13/21,5,2,Pdarw,24,7/25/23 12:22,7/25/23 12:57,Dark,Pdarw_5,0.67,1.011,0,-0.00756364,-0.001067948,-0.006495692,23.13006154,3.141133137,R
177,Pdarw_5,Pdarw_5_28C,192.9690751,-0.017257435,301.1266316,27.97663158,6/13/21,5,2,Pdarw,28,7/25/23 13:46,7/25/23 14:10,Dark,Pdarw_5,0.67,1.011,0,-0.011562481,-0.001904092,-0.009658389,34.39188976,3.537820774,R
178,Pdarw_5,Pdarw_5_30C,188.9514323,-0.02390484,303.1223134,29.97231343,6/13/21,5,2,Pdarw,30,7/25/23 14:41,7/25/23 14:58,Dark,Pdarw_5,0.67,1.011,0,-0.016016243,4.95E-05,-0.016065726,57.2073336,4.0466821,R
179,Pdarw_5,Pdarw_5_32C,163.1658525,-0.026473644,305.1395439,31.98954386,6/13/21,5,2,Pdarw,32,7/25/23 15:33,7/25/23 15:48,Dark,Pdarw_5,0.67,1.011,0,-0.017737341,-0.001943574,-0.015793767,56.23893346,4.029609283,R
180,Pdarw_5,Pdarw_5_34C,123.0544004,-0.023016776,307.0598209,33.9098209,6/13/21,5,2,Pdarw,34,7/25/23 16:56,7/25/23 17:13,Dark,Pdarw_5,0.67,1.011,0,-0.01542124,0.00109478,-0.01651602,58.81075473,4.074324742,R
181,Pdarw_5,Pdarw_5_36C,152.277004,-0.024770526,309.1351406,35.98514063,6/13/21,5,2,Pdarw,36,7/25/23 17:47,7/25/23 18:03,Dark,Pdarw_5,0.67,1.011,0,-0.016596252,-0.001365387,-0.015230865,54.23453581,3.993317898,R
182,Pdarw_6,Pdarw_6_20C,196.8058223,-0.00863331,293.2771176,20.12711765,6/13/21,6,2,Pdarw,20,7/25/23 10:28,7/25/23 11:06,Dark,Pdarw_6,0.671,1.006,0,-0.005792951,-0.000447276,-0.005345676,19.12965404,2.951239699,R
183,Pdarw_6,Pdarw_6_24C,199.6597312,-0.014117811,297.2096503,24.05965035,6/13/21,6,2,Pdarw,24,7/25/23 12:22,7/25/23 12:58,Dark,Pdarw_6,0.671,1.006,0,-0.009473051,-0.001067948,-0.008405104,30.07790587,3.403790878,R
184,Pdarw_6,Pdarw_6_28C,189.193659,-0.020474885,301.2392526,28.08925263,6/13/21,6,2,Pdarw,28,7/25/23 13:46,7/25/23 14:10,Dark,Pdarw_6,0.671,1.006,0,-0.013738648,-0.001904092,-0.011834556,42.35029811,3.74597546,R
185,Pdarw_6,Pdarw_6_30C,185.2602331,-0.025092356,303.2106119,30.06061194,6/13/21,6,2,Pdarw,30,7/25/23 14:41,7/25/23 14:58,Dark,Pdarw_6,0.671,1.006,0,-0.016836971,4.95E-05,-0.016886454,60.42866271,4.101463541,R
186,Pdarw_6,Pdarw_6_32C,162.1098203,-0.027644127,305.1925439,32.04254386,6/13/21,6,2,Pdarw,32,7/25/23 15:34,7/25/23 15:48,Dark,Pdarw_6,0.671,1.006,0,-0.018549209,-0.001943574,-0.016605635,59.42374374,4.084693873,R
187,Pdarw_6,Pdarw_6_34C,119.4765077,-0.02401762,307.2128485,34.06284848,6/13/21,6,2,Pdarw,34,7/25/23 16:56,7/25/23 17:13,Dark,Pdarw_6,0.671,1.006,0,-0.016115823,0.00109478,-0.017210603,61.58863847,4.120477413,R
188,Pdarw_6,Pdarw_6_36C,150.9450815,-0.024930912,309.2375938,36.08759375,6/13/21,6,2,Pdarw,36,7/25/23 17:47,7/25/23 18:04,Dark,Pdarw_6,0.671,1.006,0,-0.016728642,-0.001365387,-0.015363255,54.9778496,4.00693037,R
189,Pdarw_7,Pdarw_7_20C,167.7426092,-0.00594952,293.2364351,20.08643506,6/13/21,7,2,Pdarw,20,7/25/23 10:28,7/25/23 11:06,Dark,Pdarw_7,0.671,0.994,0,-0.003992128,-0.000447276,-0.003544853,12.83850025,2.552448488,R
190,Pdarw_7,Pdarw_7_24C,176.1300679,-0.009804532,297.2658369,24.11583688,6/13/21,7,2,Pdarw,24,7/25/23 12:22,7/25/23 12:58,Dark,Pdarw_7,0.671,0.994,0,-0.006578841,-0.001067948,-0.005510893,19.95897042,2.993678687,R
191,Pdarw_7,Pdarw_7_28C,160.7944113,-0.014346147,301.1901684,28.04016842,6/13/21,7,2,Pdarw,28,7/25/23 13:46,7/25/23 14:10,Dark,Pdarw_7,0.671,0.994,0,-0.009626265,-0.001904092,-0.007722172,27.96762602,3.331047628,R
192,Pdarw_7,Pdarw_7_30C,156.2526015,-0.019231662,303.267,30.117,6/13/21,7,2,Pdarw,30,7/25/23 14:42,7/25/23 14:58,Dark,Pdarw_7,0.671,0.994,0,-0.012904445,4.95E-05,-0.012953929,46.91563652,3.848351021,R
193,Pdarw_7,Pdarw_7_32C,133.0012533,-0.022126732,305.1333793,31.98337931,6/13/21,7,2,Pdarw,32,7/25/23 15:34,7/25/23 15:48,Dark,Pdarw_7,0.671,0.994,0,-0.014847037,-0.001943574,-0.012903463,46.73286414,3.844447646,R
194,Pdarw_7,Pdarw_7_34C,101.9814663,-0.018587858,307.1236364,33.97363636,6/13/21,7,2,Pdarw,34,7/25/23 16:56,7/25/23 17:13,Dark,Pdarw_7,0.671,0.994,0,-0.012472453,0.00109478,-0.013567233,49.13686028,3.894609472,R
195,Pdarw_7,Pdarw_7_36C,103.4833733,-0.023401723,309.1810156,36.03101563,6/13/21,7,2,Pdarw,36,7/25/23 17:47,7/25/23 18:04,Dark,Pdarw_7,0.671,0.994,0,-0.015702556,-0.001365387,-0.014337169,51.92536042,3.949807311,R
196,Pdarw_9,Pdarw_9_20C,170.8922787,-0.008025907,293.1546104,20.00461039,6/13/21,9,2,Pdarw,20,7/25/23 10:28,7/25/23 11:06,Dark,Pdarw_9,0.67,1.041,0,-0.005377358,-0.000447276,-0.004930082,17.04927546,2.836107708,R
197,Pdarw_9,Pdarw_9_24C,177.3727945,-0.012914551,297.0686408,23.91864085,6/13/21,9,2,Pdarw,24,7/25/23 12:22,7/25/23 12:58,Dark,Pdarw_9,0.67,1.041,0,-0.008652749,-0.001067948,-0.007584801,26.22986078,3.266898486,R
198,Pdarw_9,Pdarw_9_28C,168.1373608,-0.018276349,301.0596458,27.90964583,6/13/21,9,2,Pdarw,28,7/25/23 13:46,7/25/23 14:10,Dark,Pdarw_9,0.67,1.041,0,-0.012245154,-0.001904092,-0.010341062,35.76159645,3.576874593,R
199,Pdarw_9,Pdarw_9_30C,167.1811411,-0.022817661,303.1033433,29.95334328,6/13/21,9,2,Pdarw,30,7/25/23 14:41,7/25/23 14:58,Dark,Pdarw_9,0.67,1.041,0,-0.015287833,4.95E-05,-0.015337316,53.03971053,3.971040888,R
200,Pdarw_9,Pdarw_9_32C,148.3547657,-0.0227574,305.0864182,31.93641818,6/13/21,9,2,Pdarw,32,7/25/23 15:34,7/25/23 15:48,Dark,Pdarw_9,0.67,1.041,0,-0.015247458,-0.001943574,-0.013303884,46.0076677,3.828808072,R
201,Pdarw_9,Pdarw_9_34C,115.0332148,-0.020120813,307.0051212,33.85512121,6/13/21,9,2,Pdarw,34,7/25/23 16:57,7/25/23 17:13,Dark,Pdarw_9,0.67,1.041,0,-0.013480945,0.00109478,-0.014575725,50.40596491,3.920109519,R
202,Pdarw_9,Pdarw_9_36C,137.6752213,-0.020134167,309.0575538,35.90755385,6/13/21,9,2,Pdarw,36,7/25/23 17:47,7/25/23 18:04,Dark,Pdarw_9,0.67,1.041,0,-0.013489892,-0.001365387,-0.012124505,41.92912382,3.735980665,R
210,Tcocc_1,Tcocc_1_20C,202.1187673,-0.012233133,293.1477912,19.99779121,6/24/21,1,3,Tcocc,20,7/25/23 8:23,7/25/23 8:46,Dark,Tcocc_1,0.645,2.003,0,-0.007890371,-0.000207201,-0.00768317,13.80899209,2.625319981,R
211,Tcocc_1,Tcocc_1_24C,166.8774829,-0.021903997,297.0918571,23.94185714,6/24/21,1,3,Tcocc,24,7/25/23 10:24,7/25/23 10:35,Dark,Tcocc_1,0.645,2.003,0,-0.014128078,-0.000635152,-0.013492927,24.25089149,3.188453379,R
212,Tcocc_1,Tcocc_1_28C,166.9050309,-0.029758162,301.1180556,27.96805556,6/24/21,1,3,Tcocc,28,7/25/23 11:14,7/25/23 11:23,Dark,Tcocc_1,0.645,2.003,0,-0.019194015,-0.001497653,-0.017696361,31.80574153,3.459646825,R
213,Tcocc_1,Tcocc_1_30C,144.4144323,-0.032931861,303.3246765,30.17467647,6/24/21,1,3,Tcocc,30,7/25/23 12:17,7/25/23 12:26,Dark,Tcocc_1,0.645,2.003,0,-0.021241051,-0.000974309,-0.020266742,36.42549737,3.595269007,R
214,Tcocc_1,Tcocc_1_32C,134.6496839,-0.021279374,305.1134419,31.96344186,6/24/21,1,3,Tcocc,32,7/25/23 12:57,7/25/23 13:07,Dark,Tcocc_1,0.645,2.003,0,-0.013725196,-0.001466879,-0.012258318,22.03192396,3.092492491,R
215,Tcocc_1,Tcocc_1_34C,81.21154483,-0.024802299,307.1778718,34.02787179,6/24/21,1,3,Tcocc,34,7/25/23 14:15,7/25/23 14:24,Dark,Tcocc_1,0.645,2.003,0,-0.015997483,-0.00103289,-0.014964592,26.89592245,3.291974693,R
216,Tcocc_1,Tcocc_1_36C,86.65720301,-0.032849152,309.085,35.935,6/24/21,1,3,Tcocc,36,7/25/23 15:35,7/25/23 15:44,Dark,Tcocc_1,0.645,2.003,0,-0.021187703,-0.001163884,-0.020023819,35.98889038,3.58321029,R
217,Tcocc_1,Tcocc_1_38C,101.3084474,-0.03357212,311.3793871,38.2293871,6/24/21,1,3,Tcocc,38,7/25/23 16:28,7/25/23 16:36,Dark,Tcocc_1,0.645,2.003,0,-0.021654018,-0.001598949,-0.020055069,36.04505591,3.584769709,R
218,Tcocc_10,Tcocc_10_20C,214.4501199,-0.006260716,293.1036593,19.95365934,6/24/21,10,3,Tcocc,20,7/25/23 8:23,7/25/23 8:46,Dark,Tcocc_10,0.657,1.887,0,-0.004113291,-0.000207201,-0.003906089,7.451998986,2.008482317,R
219,Tcocc_10,Tcocc_10_24C,185.9746086,-0.010133485,297.0943571,23.94435714,6/24/21,10,3,Tcocc,24,7/25/23 10:25,7/25/23 10:36,Dark,Tcocc_10,0.657,1.887,0,-0.006657699,-0.000635152,-0.006022548,11.48975745,2.441455982,R
220,Tcocc_10,Tcocc_10_28C,183.23323,-0.013586133,301.16725,28.01725,6/24/21,10,3,Tcocc,28,7/25/23 11:15,7/25/23 11:24,Dark,Tcocc_10,0.657,1.887,0,-0.008926089,-0.001497653,-0.007428436,14.17189648,2.651260882,R
221,Tcocc_10,Tcocc_10_30C,151.5700585,-0.015232406,303.2591143,30.10911429,6/24/21,10,3,Tcocc,30,7/25/23 12:17,7/25/23 12:26,Dark,Tcocc_10,0.657,1.887,0,-0.010007691,-0.000974309,-0.009033382,17.23379781,2.846872445,R
222,Tcocc_10,Tcocc_10_32C,133.0756985,-0.013013007,305.2156739,32.06567391,6/24/21,10,3,Tcocc,32,7/25/23 12:56,7/25/23 13:08,Dark,Tcocc_10,0.657,1.887,0,-0.008549545,-0.001466879,-0.007082667,13.51224134,2.603596041,R
223,Tcocc_10,Tcocc_10_34C,129.4622667,-0.014505614,307.21065,34.06065,6/24/21,10,3,Tcocc,34,7/25/23 14:15,7/25/23 14:25,Dark,Tcocc_10,0.657,1.887,0,-0.009530188,-0.00103289,-0.008497298,16.21106151,2.785693818,R
224,Tcocc_10,Tcocc_10_36C,98.39152931,-0.018989967,309.1535405,36.00354054,6/24/21,10,3,Tcocc,36,7/25/23 15:35,7/25/23 15:45,Dark,Tcocc_10,0.657,1.887,0,-0.012476408,-0.001163884,-0.011312524,21.58192215,3.071856027,R
225,Tcocc_10,Tcocc_10_38C,119.0193605,-0.024151925,311.2123226,38.06232258,6/24/21,10,3,Tcocc,38,7/25/23 16:29,7/25/23 16:37,Dark,Tcocc_10,0.657,1.887,0,-0.015867815,-0.001598949,-0.014268866,27.22200099,3.304025506,R
226,Tcocc_2,Tcocc_2_20C,222.2268337,-0.007496167,293.3207667,20.17076667,6/24/21,2,3,Tcocc,20,7/25/23 8:24,7/25/23 8:46,Dark,Tcocc_2,0.645,2.012,0,-0.004835028,-0.000207201,-0.004627826,8.280405157,2.113891899,R
227,Tcocc_2,Tcocc_2_24C,187.2528054,-0.011330388,297.1107619,23.9607619,6/24/21,2,3,Tcocc,24,7/25/23 10:25,7/25/23 10:35,Dark,Tcocc_2,0.645,2.012,0,-0.0073081,-0.000635152,-0.006672949,11.93966943,2.479866422,R
228,Tcocc_2,Tcocc_2_28C,183.0522366,-0.013159148,301.2535278,28.10352778,6/24/21,2,3,Tcocc,28,7/25/23 11:14,7/25/23 11:23,Dark,Tcocc_2,0.645,2.012,0,-0.00848765,-0.001497653,-0.006989997,12.50695271,2.526284706,R
229,Tcocc_2,Tcocc_2_30C,158.9682754,-0.015439892,303.2769118,30.12691176,6/24/21,2,3,Tcocc,30,7/25/23 12:17,7/25/23 12:26,Dark,Tcocc_2,0.645,2.012,0,-0.009958731,-0.000974309,-0.008984422,16.07550657,2.777296783,R
230,Tcocc_2,Tcocc_2_32C,136.8214831,-0.01442959,305.0246977,31.87469767,6/24/21,2,3,Tcocc,32,7/25/23 12:57,7/25/23 13:07,Dark,Tcocc_2,0.645,2.012,0,-0.009307086,-0.001466879,-0.007840207,14.02820297,2.641069801,R
231,Tcocc_2,Tcocc_2_34C,105.2918585,-0.014510672,307.1216286,33.97162857,6/24/21,2,3,Tcocc,34,7/25/23 14:15,7/25/23 14:24,Dark,Tcocc_2,0.645,2.012,0,-0.009359383,-0.00103289,-0.008326493,14.89829771,2.701246959,R
232,Tcocc_2,Tcocc_2_36C,87.36116567,-0.01916454,309.0803571,35.93035714,6/24/21,2,3,Tcocc,36,7/25/23 15:37,7/25/23 15:44,Dark,Tcocc_2,0.645,2.012,0,-0.012361128,-0.001163884,-0.011197244,20.03483043,2.99747228,R
233,Tcocc_2,Tcocc_2_38C,109.3316523,-0.023392308,311.2340323,38.08403226,6/24/21,2,3,Tcocc,38,7/25/23 16:28,7/25/23 16:36,Dark,Tcocc_2,0.645,2.012,0,-0.015088038,-0.001598949,-0.013489089,24.13554757,3.183685757,R
234,Tcocc_3,Tcocc_3_20C,204.451473,-0.009185072,293.1533626,20.00336264,6/24/21,3,3,Tcocc,20,7/25/23 8:23,7/25/23 8:46,Dark,Tcocc_3,0.645,2.41,0,-0.005924371,-0.000207201,-0.00571717,8.54017119,2.144781053,R
235,Tcocc_3,Tcocc_3_24C,184.6973433,-0.012557392,297.1110233,23.96102326,6/24/21,3,3,Tcocc,24,7/25/23 10:25,7/25/23 10:35,Dark,Tcocc_3,0.645,2.41,0,-0.008099518,-0.000635152,-0.007464366,11.15009046,2.411447611,R
236,Tcocc_3,Tcocc_3_28C,181.0544002,-0.018726261,301.1775313,28.02753125,6/24/21,3,3,Tcocc,28,7/25/23 11:15,7/25/23 11:24,Dark,Tcocc_3,0.645,2.41,0,-0.012078438,-0.001497653,-0.010580785,15.80532168,2.760346699,R
237,Tcocc_3,Tcocc_3_30C,144.1714162,-0.016388357,303.1278857,29.97788571,6/24/21,3,3,Tcocc,30,7/25/23 12:17,7/25/23 12:26,Dark,Tcocc_3,0.645,2.41,0,-0.010570491,-0.000974309,-0.009596182,14.33454559,2.662672399,R
238,Tcocc_3,Tcocc_3_32C,131.7927131,-0.014964256,305.0785778,31.92857778,6/24/21,3,3,Tcocc,32,7/25/23 12:56,7/25/23 13:08,Dark,Tcocc_3,0.645,2.41,0,-0.009651945,-0.001466879,-0.008185066,12.22665486,2.503618393,R
239,Tcocc_3,Tcocc_3_34C,126.2850621,-0.018268174,307.1711892,34.02118919,6/24/21,3,3,Tcocc,34,7/25/23 14:15,7/25/23 14:25,Dark,Tcocc_3,0.645,2.41,0,-0.011782972,-0.00103289,-0.010750082,16.05821377,2.77622048,R
240,Tcocc_3,Tcocc_3_36C,86.05825669,-0.022024279,309.0945946,35.94459459,6/24/21,3,3,Tcocc,36,7/25/23 15:35,7/25/23 15:45,Dark,Tcocc_3,0.645,2.41,0,-0.01420566,-0.001163884,-0.013041776,19.4814908,2.969464825,R
241,Tcocc_3,Tcocc_3_38C,109.333167,-0.029172527,311.2428065,38.09280645,6/24/21,3,3,Tcocc,38,7/25/23 16:28,7/25/23 16:36,Dark,Tcocc_3,0.645,2.41,0,-0.01881628,-0.001598949,-0.017217331,25.71883487,3.247223598,R
242,Tcocc_5,Tcocc_5_20C,214.6938501,-0.009349339,293.1447582,19.99475824,6/24/21,5,3,Tcocc,20,7/25/23 8:23,7/25/23 8:46,Dark,Tcocc_5,0.65,2.057,0,-0.00607707,-0.000207201,-0.005869869,10.27298408,2.329517545,R
243,Tcocc_5,Tcocc_5_24C,185.6262023,-0.013111364,297.1577442,24.00774419,6/24/21,5,3,Tcocc,24,7/25/23 10:25,7/25/23 10:35,Dark,Tcocc_5,0.65,2.057,0,-0.008522386,-0.000635152,-0.007887235,13.80361957,2.624930845,R
244,Tcocc_5,Tcocc_5_28C,183.4688004,-0.017962178,301.1346667,27.98466667,6/24/21,5,3,Tcocc,28,7/25/23 11:15,7/25/23 11:24,Dark,Tcocc_5,0.65,2.057,0,-0.011675416,-0.001497653,-0.010177763,17.81232136,2.879890429,R
245,Tcocc_5,Tcocc_5_30C,147.1019413,-0.019450968,303.2820909,30.13209091,6/24/21,5,3,Tcocc,30,7/25/23 12:17,7/25/23 12:26,Dark,Tcocc_5,0.65,2.057,0,-0.012643129,-0.000974309,-0.01166882,20.42185387,3.016605596,R
246,Tcocc_5,Tcocc_5_32C,125.8967873,-0.015902052,305.1890732,32.03907317,6/24/21,5,3,Tcocc,32,7/25/23 12:57,7/25/23 13:08,Dark,Tcocc_5,0.65,2.057,0,-0.010336334,-0.001466879,-0.008869455,15.52262475,2.742298621,R
247,Tcocc_5,Tcocc_5_34C,84.03115275,-0.015869675,307.1222778,33.97227778,6/24/21,5,3,Tcocc,34,7/25/23 14:15,7/25/23 14:25,Dark,Tcocc_5,0.65,2.057,0,-0.010315289,-0.00103289,-0.009282399,16.24532559,2.787805211,R
248,Tcocc_5,Tcocc_5_36C,91.93109012,-0.02187668,309.102027,35.95202703,6/24/21,5,3,Tcocc,36,7/25/23 15:35,7/25/23 15:45,Dark,Tcocc_5,0.65,2.057,0,-0.014219842,-0.001163884,-0.013055958,22.84951299,3.128929804,R
249,Tcocc_5,Tcocc_5_38C,128.1033592,-0.024944798,311.0538065,37.90380645,6/24/21,5,3,Tcocc,38,7/25/23 16:28,7/25/23 16:36,Dark,Tcocc_5,0.65,2.057,0,-0.016214119,-0.001598949,-0.014615169,25.57832276,3.241745226,R
250,Tcocc_6,Tcocc_6_20C,215.1926053,-0.009985855,293.2858791,20.13587912,6/24/21,6,3,Tcocc,20,7/25/23 8:23,7/25/23 8:46,Dark,Tcocc_6,0.64,2.251,0,-0.006390947,-0.000207201,-0.006183746,9.889598424,2.291483541,R
251,Tcocc_6,Tcocc_6_24C,175.4984153,-0.014697517,297.2239767,24.07397674,6/24/21,6,3,Tcocc,24,7/25/23 10:25,7/25/23 10:35,Dark,Tcocc_6,0.64,2.251,0,-0.009406411,-0.000635152,-0.008771259,14.02778028,2.641039669,R
252,Tcocc_6,Tcocc_6_28C,180.1377283,-0.020526007,301.2449722,28.09497222,6/24/21,6,3,Tcocc,28,7/25/23 11:15,7/25/23 11:24,Dark,Tcocc_6,0.64,2.251,0,-0.013136645,-0.001497653,-0.011638991,18.61411301,2.923920057,R
253,Tcocc_6,Tcocc_6_30C,141.6755147,-0.018550777,303.3155161,30.16551613,6/24/21,6,3,Tcocc,30,7/25/23 12:18,7/25/23 12:26,Dark,Tcocc_6,0.64,2.251,0,-0.011872497,-0.000974309,-0.010898189,17.42935539,2.858155876,R
254,Tcocc_6,Tcocc_6_32C,123.510883,-0.017777919,305.2375385,32.08753846,6/24/21,6,3,Tcocc,32,7/25/23 12:58,7/25/23 13:08,Dark,Tcocc_6,0.64,2.251,0,-0.011377868,-0.001466879,-0.009910989,15.8505382,2.763203456,R
255,Tcocc_6,Tcocc_6_34C,92.20433805,-0.019536513,307.1597778,34.00977778,6/24/21,6,3,Tcocc,34,7/25/23 14:16,7/25/23 14:25,Dark,Tcocc_6,0.64,2.251,0,-0.012503368,-0.00103289,-0.011470478,18.34461141,2.909335875,R
256,Tcocc_6,Tcocc_6_36C,51.83713484,-0.023761153,309.2895143,36.13951429,6/24/21,6,3,Tcocc,36,7/25/23 15:36,7/25/23 15:45,Dark,Tcocc_6,0.64,2.251,0,-0.015207138,-0.001163884,-0.014043254,22.45922418,3.111701406,R
257,Tcocc_6,Tcocc_6_38C,90.79715123,-0.033211054,311.3009677,38.15096774,6/24/21,6,3,Tcocc,38,7/25/23 16:28,7/25/23 16:36,Dark,Tcocc_6,0.64,2.251,0,-0.021255075,-0.001598949,-0.019656126,31.4358294,3.447948306,R
258,Tcocc_7,Tcocc_7_20C,204.1999701,-0.009105912,293.2465275,20.09652747,6/24/21,7,3,Tcocc,20,7/25/23 8:23,7/25/23 8:46,Dark,Tcocc_7,0.65,2.02,0,-0.005918843,-0.000207201,-0.005711642,10.17916329,2.320342816,R
259,Tcocc_7,Tcocc_7_24C,185.1064977,-0.011842428,297.2420714,24.09207143,6/24/21,7,3,Tcocc,24,7/25/23 10:25,7/25/23 10:36,Dark,Tcocc_7,0.65,2.02,0,-0.007697578,-0.000635152,-0.007062427,12.58650317,2.532625063,R
260,Tcocc_7,Tcocc_7_28C,174.2947447,-0.017231306,301.1701111,28.02011111,6/24/21,7,3,Tcocc,28,7/25/23 11:15,7/25/23 11:24,Dark,Tcocc_7,0.65,2.02,0,-0.011200349,-0.001497653,-0.009702695,17.29193211,2.850240041,R
261,Tcocc_7,Tcocc_7_30C,136.7146221,-0.017549536,303.2348286,30.08482857,6/24/21,7,3,Tcocc,30,7/25/23 12:17,7/25/23 12:26,Dark,Tcocc_7,0.65,2.02,0,-0.011407198,-0.000974309,-0.01043289,18.59326851,2.922799607,R
262,Tcocc_7,Tcocc_7_32C,121.0933907,-0.016603732,305.2265814,32.0765814,6/24/21,7,3,Tcocc,32,7/25/23 12:57,7/25/23 13:08,Dark,Tcocc_7,0.65,2.02,0,-0.010792426,-0.001466879,-0.009325547,16.61978711,2.81059398,R
263,Tcocc_7,Tcocc_7_34C,82.9259352,-0.018123596,307.2015263,34.05152632,6/24/21,7,3,Tcocc,34,7/25/23 14:15,7/25/23 14:25,Dark,Tcocc_7,0.65,2.02,0,-0.011780338,-0.00103289,-0.010747447,19.15386633,2.952504592,R
264,Tcocc_7,Tcocc_7_36C,52.18996649,-0.02234464,309.1611176,36.01111765,6/24/21,7,3,Tcocc,36,7/25/23 15:35,7/25/23 15:44,Dark,Tcocc_7,0.65,2.02,0,-0.014524016,-0.001163884,-0.013360132,23.81013576,3.170111362,R
265,Tcocc_7,Tcocc_7_38C,96.40907772,-0.027231739,311.3136129,38.1636129,6/24/21,7,3,Tcocc,38,7/25/23 16:28,7/25/23 16:37,Dark,Tcocc_7,0.65,2.02,0,-0.01770063,-0.001598949,-0.016101681,28.69606556,3.356760025,R
266,Tcocc_8,Tcocc_8_20C,212.3108906,-0.010528524,293.1724835,20.02248352,6/24/21,8,3,Tcocc,20,7/25/23 8:23,7/25/23 8:46,Dark,Tcocc_8,0.66,1.446,0,-0.006948826,-0.000207201,-0.006741625,16.78412749,2.820433648,R
267,Tcocc_8,Tcocc_8_24C,178.0130755,-0.016038035,297.1215476,23.97154762,6/24/21,8,3,Tcocc,24,7/25/23 10:25,7/25/23 10:36,Dark,Tcocc_8,0.66,1.446,0,-0.010585103,-0.000635152,-0.009949951,24.7716633,3.209700391,R
268,Tcocc_8,Tcocc_8_28C,176.6525405,-0.021369343,301.1490278,27.99902778,6/24/21,8,3,Tcocc,28,7/25/23 11:15,7/25/23 11:24,Dark,Tcocc_8,0.66,1.446,0,-0.014103766,-0.001497653,-0.012606113,31.38451284,3.44631455,R
269,Tcocc_8,Tcocc_8_30C,150.0964837,-0.021621609,303.2858286,30.13582857,6/24/21,8,3,Tcocc,30,7/25/23 12:17,7/25/23 12:26,Dark,Tcocc_8,0.66,1.446,0,-0.014270262,-0.000974309,-0.013295953,33.10195875,3.499592457,R
270,Tcocc_8,Tcocc_8_32C,128.1830034,-0.016171469,305.1815349,32.03153488,6/24/21,8,3,Tcocc,32,7/25/23 12:57,7/25/23 13:08,Dark,Tcocc_8,0.66,1.446,0,-0.01067317,-0.001466879,-0.009206291,22.92022638,3.132019769,R
271,Tcocc_8,Tcocc_8_34C,96.20308917,-0.015437405,307.2549231,34.10492308,6/24/21,8,3,Tcocc,34,7/25/23 14:15,7/25/23 14:25,Dark,Tcocc_8,0.66,1.446,0,-0.010188687,-0.00103289,-0.009155797,22.79451445,3.126519913,R
272,Tcocc_8,Tcocc_8_36C,104.0655786,-0.0258738,309.0385714,35.88857143,6/24/21,8,3,Tcocc,36,7/25/23 15:36,7/25/23 15:45,Dark,Tcocc_8,0.66,1.446,0,-0.017076708,-0.001163884,-0.015912824,39.61698937,3.679258051,R
273,Tcocc_8,Tcocc_8_38C,110.3788885,-0.02677198,311.3823226,38.23232258,6/24/21,8,3,Tcocc,38,7/25/23 16:29,7/25/23 16:37,Dark,Tcocc_8,0.66,1.446,0,-0.017669507,-0.001598949,-0.016070558,40.00968715,3.689121604,R
274,Tcocc_9,Tcocc_9_20C,210.1096207,-0.015312915,293.1817143,20.03171429,6/24/21,9,3,Tcocc,20,7/25/23 8:23,7/25/23 8:46,Dark,Tcocc_9,0.625,3.909,0,-0.009570572,-0.000207201,-0.00936337,8.62321133,2.154457559,R
275,Tcocc_9,Tcocc_9_24C,162.4867835,-0.021698893,297.0580476,23.90804762,6/24/21,9,3,Tcocc,24,7/25/23 10:25,7/25/23 10:36,Dark,Tcocc_9,0.625,3.909,0,-0.013561808,-0.000635152,-0.012926657,11.90482577,2.476943845,R
276,Tcocc_9,Tcocc_9_28C,178.6108258,-0.030315987,301.1605278,28.01052778,6/24/21,9,3,Tcocc,28,7/25/23 11:15,7/25/23 11:24,Dark,Tcocc_9,0.625,3.909,0,-0.018947492,-0.001497653,-0.017449838,16.07045733,2.776982638,R
277,Tcocc_9,Tcocc_9_30C,128.9372639,-0.028369123,303.2598286,30.10982857,6/24/21,9,3,Tcocc,30,7/25/23 12:17,7/25/23 12:26,Dark,Tcocc_9,0.625,3.909,0,-0.017730702,-0.000974309,-0.016756393,15.43182789,2.736432123,R
278,Tcocc_9,Tcocc_9_32C,105.0155805,-0.023338275,305.2172,32.0672,6/24/21,9,3,Tcocc,32,7/25/23 12:56,7/25/23 13:08,Dark,Tcocc_9,0.625,3.909,0,-0.014586422,-0.001466879,-0.013119543,12.08246509,2.491755235,R
279,Tcocc_9,Tcocc_9_34C,77.32342144,-0.028334054,307.249881,34.09988095,6/24/21,9,3,Tcocc,34,7/25/23 14:14,7/25/23 14:25,Dark,Tcocc_9,0.625,3.909,0,-0.017708784,-0.00103289,-0.016675893,15.35769158,2.731616429,R
280,Tcocc_9,Tcocc_9_36C,35.45556807,-0.029649273,309.0593514,35.90935135,6/24/21,9,3,Tcocc,36,7/25/23 15:35,7/25/23 15:45,Dark,Tcocc_9,0.625,3.909,0,-0.018530796,-0.001163884,-0.017366912,15.99408597,2.772219027,R
281,Tcocc_9,Tcocc_9_38C,94.77296499,-0.039923966,311.2438065,38.09380645,6/24/21,9,3,Tcocc,38,7/25/23 16:29,7/25/23 16:37,Dark,Tcocc_9,0.625,3.909,0,-0.024952479,-0.001598949,-0.02335353,21.50747156,3.068400389,R